cpg,screened
cg05575921,TRUE
cg21566642,TRUE
cg03636183,TRUE
cg19859270,TRUE
cg13591352,TRUE
cg04255770,TRUE
cg01360627,TRUE
cg26128092,TRUE
cg02433979,TRUE
cg17008160,TRUE
cg14248598,TRUE
cg18448581,TRUE
cg22107147,TRUE
cg02188939,TRUE
cg22398616,TRUE
cg06139341,TRUE
cg06401414,TRUE
cg23640925,TRUE
cg17775490,TRUE
cg06258780,TRUE
cg23079012,TRUE
cg27125849,TRUE
cg10663078,TRUE
cg04813697,TRUE
cg09287629,TRUE
cg00739155,TRUE
cg18316974,TRUE
cg06954761,TRUE
cg00187889,TRUE
cg13151664,TRUE
cg06615840,TRUE
cg13470504,TRUE
cg05987823,TRUE
cg01663016,TRUE
cg08709672,TRUE
cg04562217,TRUE
cg08539991,TRUE
cg12396057,TRUE
cg02724909,TRUE
cg17619311,TRUE
cg14284394,TRUE
cg12236880,TRUE
cg08256939,TRUE
cg03390717,TRUE
cg09591830,TRUE
cg22203776,TRUE
cg14379854,TRUE
cg19614919,TRUE
cg15694715,TRUE
cg20863321,TRUE
cg00045515,TRUE
cg21652531,TRUE
cg04368843,TRUE
cg19165216,TRUE
cg18483599,TRUE
cg12986453,TRUE
cg00174573,TRUE
cg24865270,TRUE
cg02890435,TRUE
cg08490115,TRUE
cg04086928,TRUE
cg13401079,TRUE
cg25569840,TRUE
cg25943588,TRUE
cg00360474,TRUE
cg09948419,TRUE
cg03357798,TRUE
cg10827488,TRUE
cg06970772,TRUE
cg16080125,TRUE
cg10941566,TRUE
cg19442138,TRUE
cg27280535,TRUE
cg12213062,TRUE
cg03705396,TRUE
cg02549492,TRUE
cg24865110,TRUE
cg23077606,TRUE
cg06473288,TRUE
cg23601905,TRUE
cg17895608,TRUE
cg19035792,TRUE
cg19757631,TRUE
cg22797900,TRUE
cg17118478,TRUE
cg15933120,TRUE
cg20884298,TRUE
cg10926413,TRUE
cg05467160,TRUE
cg23559689,TRUE
cg01397513,TRUE
cg02571055,TRUE
cg04256345,TRUE
cg02717454,TRUE
cg01002030,TRUE
cg11660018,TRUE
cg10899099,TRUE
cg05602862,TRUE
cg02541582,TRUE
cg10176110,TRUE
cg08776660,TRUE
cg13853198,TRUE
cg02423817,TRUE
cg17980283,TRUE
cg01079599,TRUE
cg21387604,TRUE
cg15531369,TRUE
cg24761597,TRUE
cg06538345,TRUE
cg10906284,TRUE
cg16580935,TRUE
cg12103569,TRUE
cg00053851,TRUE
cg12160258,TRUE
cg19052164,TRUE
cg17607298,TRUE
cg00209786,TRUE
cg05733703,TRUE
cg19392656,TRUE
cg22510662,TRUE
cg27494470,TRUE
cg26149682,TRUE
cg10601625,TRUE
cg23254031,TRUE
cg00390775,TRUE
cg06112560,TRUE
cg19314352,TRUE
cg00509616,TRUE
cg07260541,TRUE
cg05143735,TRUE
cg07719096,TRUE
cg05021643,TRUE
cg21164232,TRUE
cg15402095,TRUE
cg02794358,TRUE
cg11789371,TRUE
cg16095155,TRUE
cg23058194,TRUE
cg20496643,TRUE
cg17928584,TRUE
cg19979590,TRUE
cg23196831,TRUE
cg19084726,TRUE
cg01153946,TRUE
cg26876834,TRUE
cg19051213,TRUE
cg22844862,TRUE
cg07066369,TRUE
cg01069941,TRUE
cg03669797,TRUE
cg00646731,FALSE
cg08635249,FALSE
cg01471843,FALSE
cg16528497,FALSE
cg20535044,FALSE
cg01005322,FALSE
cg05947570,FALSE
cg01218619,FALSE
cg03694466,FALSE
cg01089425,FALSE
cg22510636,FALSE
cg14275095,FALSE
cg03563298,FALSE
cg05242592,FALSE
cg08283408,FALSE
cg08525481,FALSE
cg24299913,FALSE
cg04253218,FALSE
cg26398341,FALSE
cg00369852,FALSE
cg25598840,FALSE
cg18873909,FALSE
cg23289021,FALSE
cg05716556,FALSE
cg23938213,FALSE
cg01825355,FALSE
cg02206382,FALSE
cg02935132,FALSE
cg11408784,FALSE
cg12806121,FALSE
cg25958857,FALSE
cg00577950,FALSE
cg09234415,FALSE
cg24694748,FALSE
cg07932479,FALSE
cg01407073,FALSE
cg25308427,FALSE
cg04549460,FALSE
cg03522403,FALSE
cg11752829,FALSE
cg15440392,FALSE
cg26334154,FALSE
cg14166458,FALSE
cg21604450,FALSE
cg18187244,FALSE
cg10236503,FALSE
cg22940988,FALSE
cg14079492,FALSE
cg23097079,FALSE
cg03220670,FALSE
cg03558807,FALSE
cg06071395,FALSE
cg03640944,FALSE
cg24405543,FALSE
cg19335195,FALSE
cg18204158,FALSE
cg22476269,FALSE
cg15897435,FALSE
cg01405744,FALSE
cg18771050,FALSE
cg22150051,FALSE
cg18437710,FALSE
cg03552401,FALSE
cg06806862,FALSE
cg07083556,FALSE
cg15694704,FALSE
cg24440593,FALSE
cg21197371,FALSE
cg15505700,FALSE
cg09437460,FALSE
cg03901185,FALSE
cg07222309,FALSE
cg00606642,FALSE
cg15924831,FALSE
cg18697348,FALSE
cg23454003,FALSE
cg04043334,FALSE
cg10604528,FALSE
cg24217729,FALSE
cg01495597,FALSE
cg25099516,FALSE
cg08687251,FALSE
cg23175281,FALSE
cg23588509,FALSE
cg23658329,FALSE
cg11829203,FALSE
cg22854434,FALSE
cg14212190,FALSE
cg19454239,FALSE
cg16476991,FALSE
cg10604396,FALSE
cg03046346,FALSE
cg25711239,FALSE
cg24776350,FALSE
cg06984848,FALSE
cg18566125,FALSE
cg15423212,FALSE
cg07523442,FALSE
cg07808983,FALSE
cg21743649,FALSE
cg23840860,FALSE
cg18082082,FALSE
cg17666418,FALSE
cg00733115,FALSE
cg04323313,FALSE
cg19096424,FALSE
cg08388939,FALSE
cg07719523,FALSE
cg27631877,FALSE
cg26768712,FALSE
cg21346154,FALSE
cg16743310,FALSE
cg14504259,FALSE
cg01393184,FALSE
cg22496102,FALSE
cg05736906,FALSE
cg27207470,FALSE
cg07197785,FALSE
cg16050957,FALSE
cg03827423,FALSE
cg06786237,FALSE
cg04937635,FALSE
cg16576895,FALSE
cg24995674,FALSE
cg03663674,FALSE
cg06933064,FALSE
cg04850779,FALSE
cg24173049,FALSE
cg20695499,FALSE
cg01883521,FALSE
cg09642749,FALSE
cg27594756,FALSE
cg26456259,FALSE
cg19984170,FALSE
cg04092800,FALSE
cg17269424,FALSE
cg09414985,FALSE
cg02481528,FALSE
cg04747539,FALSE
cg12139190,FALSE
cg00462240,FALSE
cg24439315,FALSE
cg15379837,FALSE
cg14848772,FALSE
cg05677478,FALSE
cg22048922,FALSE
cg27424206,FALSE
cg06577708,FALSE
cg26992028,FALSE
cg02563553,FALSE
